{
    "vertices":[-438.772,-4.64472e-05,229.916,232.407,-4.64472e-05,229.916,-438.772,1.6088e-05,-294.668,232.407,1.6088e-05,-294.668,-438.772,-163.9,229.916,232.407,-163.9,229.916,-438.772,-163.9,-294.668,232.407,-163.9,-294.668,232.407,-35.2183,229.916,232.407,-35.2183,-294.668,-438.772,-35.2183,-294.668,-438.772,-35.2183,229.916,230.384,-79.451,228.335,230.384,-79.4509,-293.087,-436.749,-79.4509,-293.087,-436.749,-79.451,228.335,230.342,-124.518,228.302,230.342,-124.518,-293.054,-436.707,-124.518,-293.054,-436.707,-124.518,228.302,-438.772,-4.64472e-05,229.916,-438.772,-35.2183,229.916,232.407,-35.2183,229.916,232.407,-4.64472e-05,229.916,-438.772,1.6088e-05,-294.668,-438.772,-35.2183,-294.668,232.407,-35.2183,-294.668,232.407,1.6088e-05,-294.668,230.384,-79.451,228.335,230.384,-79.4509,-293.087,-436.749,-79.4509,-293.087,-436.749,-79.451,228.335,230.342,-124.518,228.302,230.342,-124.518,-293.054,-436.707,-124.518,-293.054,-436.707,-124.518,228.302,232.407,-163.9,229.916,232.407,-163.9,-294.668,-438.772,-163.9,-294.668,-438.772,-163.9,229.916],
    "metadata":{
        "normals":22,
        "faces":16,
        "uvs":1,
        "generator":"io_three",
        "vertices":40,
        "materials":1,
        "colors":0,
        "type":"Geometry",
        "version":3
    },
    "materials":[{
        "mapDiffuse":"diCeng_col02.jpg",
        "DbgIndex":0,
        "depthTest":true,
        "wireframe":false,
        "colorDiffuse":[0.8,0.8,0.8],
        "DbgName":"lambert3.001",
        "specularCoef":49,
        "DbgColor":15658734,
        "transparent":false,
        "colorSpecular":[0.5,0.5,0.5],
        "shading":"phong",
        "vertexColors":false,
        "visible":true,
        "doubleSided":false,
        "opacity":1,
        "depthWrite":true,
        "colorEmissive":[0,0,0],
        "blending":1
    }],
    "normals":[0,0,1,0,-0.0175787,0.999817,-0.999969,0,0,-1,0,0,-0.999725,-0.0225532,0,1,0,0,0.999969,0,0,0.999725,-0.0225532,0,0,0,-1,0,-0.0175787,-0.999817,0.999695,-0.0235603,0,0,-0.0184637,-0.999817,-0.999695,-0.0235603,0,0,-0.0184637,0.999817,0.999634,0.0260323,0,0,0.0204169,-0.999786,-0.999634,0.0260323,0,0,0.0204169,0.999786,0.998627,0.0523392,0,0,0.0409253,-0.999146,-0.998627,0.0523392,0,0,0.0409253,0.999146],
    "colors":[],
    "faces":[43,23,20,21,22,0,0,1,2,3,0,0,1,1,43,0,24,25,11,0,4,5,6,7,2,3,4,4,43,27,1,8,26,0,4,5,6,7,5,6,7,7,43,2,3,9,10,0,8,1,9,10,8,8,9,9,43,26,8,28,29,0,7,6,11,12,7,7,10,10,43,10,9,13,30,0,10,9,13,14,9,9,11,11,43,11,25,14,31,0,7,6,11,12,4,4,12,12,43,22,21,15,12,0,3,2,15,16,1,1,13,13,43,29,28,32,33,0,12,11,17,18,10,10,14,14,43,30,13,17,34,0,14,13,19,20,11,11,15,15,43,31,14,18,35,0,12,11,17,18,12,12,16,16,43,12,15,19,16,0,16,15,21,22,13,13,17,17,43,33,32,5,37,0,18,17,23,24,14,14,18,18,43,34,17,7,6,0,20,19,25,26,15,15,19,19,43,35,18,38,4,0,18,17,23,24,16,16,20,20,43,16,19,39,36,0,22,21,27,28,17,17,21,21],
    "uvs":[[0.988752,0.952373,-0.00925145,0.952373,-0.00925144,0.789428,0.988752,0.789428,0.208727,0.952373,0.988752,0.952373,0.988752,0.789428,0.208727,0.789428,0.988752,0.952373,-0.00925143,0.789428,0.988752,0.789428,0.988752,0.584776,0.208727,0.584776,-0.00925142,0.584775,0.988752,0.584775,-0.00925143,0.584775,0.988752,0.584775,0.988752,0.376262,0.208727,0.376262,-0.0092514,0.376262,0.988752,0.376262,-0.00925142,0.376262,0.988752,0.376262,0.988752,0.194053,0.208727,0.194053,-0.00925139,0.194053,0.988752,0.194053,-0.00925142,0.194053,0.988752,0.194053]]
}
